Oligo_Identity,New_title,Sequence,Category,MAX_ddG_mean,MAX_ddG_sd,Pho4_ddG_mean,Pho4_ddG_sd,MAX_ddG_181114_mean,MAX_ddG_181114_err,MAX_ddG_181206_mean,MAX_ddG_181206_err,MAX_ddG_190110_mean,MAX_ddG_190110_err,MAX_ddG_190503_mean,MAX_ddG_190503_err,MAX_ddG_190510_d1_mean,MAX_ddG_190510_d1_err,MAX_ddG_190510_d3_mean,MAX_ddG_190510_d3_err,MAX_ddG_200709_mean,MAX_ddG_200709_err,MAX_ddG_200731_mean,MAX_ddG_200731_err,Pho4_ddG_181114_mean,Pho4_ddG_181114_err,Pho4_ddG_181206_mean,Pho4_ddG_181206_err,Pho4_ddG_181217_mean,Pho4_ddG_181217_err,Pho4_ddG_200703_d1_mean,Pho4_ddG_200703_d1_err,Pho4_ddG_200703_d2_mean,Pho4_ddG_200703_d2_err,Pho4_ddG_200708_mean,Pho4_ddG_200708_err,Pho4_ddG_200710_d1_mean,Pho4_ddG_200710_d1_err,Pho4_ddG_200710_d2_mean,Pho4_ddG_200710_d2_err
1,Motif + repeat 1,CGCTGTGTGTGTGTGTGTCACGTGACACACACCACAAACGTCCGGCGGTATGAC,motif+repeat,-0.23004185611547684,0.21177542818766765,-0.6437391171477913,0.29552229676957714,-0.25976150335861914,0.10041391825956865,-0.45443645667902377,0.13109437340289082,-0.43886584889520197,0.07083136043041333,0.07445562714445458,0.18041331863028817,-0.1661573106202322,0.17802412128429485,-0.2259032693466373,0.04692736147364292,0.10068599946853782,0.2225370444460743,-0.4703520866370928,0.1608141908442775,-0.3628355559216957,0.14498321345611623,-0.8650078710629238,0.2564105116149062,-0.4611712847255086,0.15618218970179396,,,,,,,-1.1156526335590362,0.34898574043976033,-0.41402824046979225,0.08101671162717569
2,Motif + short repeat 3,CGCAAGGCTTGTGTGTGTCACGTGACACCACACATCGATGTCCGGCGGTATGAC,motif+shortrepeat,-0.2838557796164812,0.1589991447043668,-0.23623475153710008,0.45486699285453325,-0.35241556811090363,0.1034748338162773,-0.5452777477996045,0.10522962772152378,-0.2769533135277299,0.058253003382237434,-0.056244131587962154,0.17693763183964353,-0.27016406358068923,0.15999138524995005,-0.3643405620306731,0.08451947200477163,-0.0331381384636285,0.2668251427466156,-0.37231271183065817,0.16668096709216984,-0.3104287098555534,0.14995275298210833,-0.7028034356726555,0.20269139587322244,,,-0.3964870621066613,0.23743903191008098,-0.5989374966985461,0.1646690250193241,0.7657918311699474,0.6099204554621914,-0.3813757474693892,0.28973907996733633,-0.02940264012684253,0.11058216692736775
3,Mutated motif + random 1,CGCACAGTCACTTAACGTCACGCGACCGGGGTATTTCAGGTCCGGCGGTATGAC,mutated+random,1.5221290010044144,0.2559358120291832,1.447174143967056,0.4936771222206984,1.5218722348384062,0.0796128488548212,1.1978397655551782,0.13034317641310417,1.4733017529472137,0.08887200482822695,1.6788784809011825,0.23325703322069918,1.9963913624310912,0.5230368109181973,1.5517161425195853,0.08918905788818947,1.6283736417819932,0.2611229709471157,1.1286586270606638,0.14294151596458038,2.1598914278681267,0.23556471982539587,1.7554459673470508,0.26574705485048417,1.8084979668294223,0.1911713981767384,0.6890126440979735,0.27098934968717264,1.2545361237907589,0.33603566376444866,0.7445195487330942,0.5577023444490806,1.3906719102937304,0.22870315435951874,1.774817562776291,0.21606201867735983
4,No motif + random 1,CGCCGCAGAGTCTCATTCTCCATACGCTGTAAAGTGGGAGTCCGGCGGTATGAC,nomotif+random,1.7216129732065393,0.1647587009196978,1.9801135741115452,0.28532581927445466,1.4857222536192578,0.1923213626555662,1.768841332530906,0.19618632822023122,1.952840898257286,0.14380736906388641,1.8831097690831724,0.22796119110138788,1.5727150879985283,0.5671694373745173,1.5740712324204722,0.17683010959406786,1.8933702987209406,0.16513854302139808,1.64223291302175,0.2424667711638586,1.9108605969585226,0.1516546629569249,1.8062058919059272,0.32958290744991614,2.382575202784714,0.12173740314770418,2.16984463966396,0.421082433902032,1.4181280209225864,0.2904410025769905,2.291647429845707,0.42897232164397975,1.9144933431173365,0.35052621409844265,1.9471534676936106,0.17863142390540424
5,Motif + repeat 2,CGCATATATATATAGAGTCACGTGACTCTCGCGCGCGCGGTCCGGCGGTATGAC,motif+repeat,-0.3701854027039743,0.2044979935838329,-0.5446168079923001,0.5190550528400272,-0.5930682315980651,0.12086576741630882,,,-0.4568532853340548,0.06930542372228228,0.08509821911856466,0.2502775603311513,-0.5046468657568498,0.13417041100604432,-0.2922143122058007,0.07411980252209403,-0.4226571744951052,0.2180628735243325,-0.4069561686565094,0.14470917332327385,-0.21158220096679975,0.13914239247477672,-1.3329102776682322,0.2508176062384305,,,-0.9615703129954134,0.22029710524001087,-0.7498578576485568,0.16581463125642337,0.07553461098241929,0.38462946059622727,-0.7895077479630064,0.17792102136369578,0.15757613031348894,0.0842225558808801
6,Motif + short repeat 4,CGCAGTGACGCGCAGAGTCACGTGACTCTATATTACGCTGTCCGGCGGTATGAC,motif+shortrepeat,-0.3072342339646352,0.22844340303184044,0.44079024309754716,0.33256647624384966,-0.45303838967289384,0.145791778058383,-0.35082636406585205,0.1314506214202555,-0.3025926628739294,0.08380123161209443,0.021128460138588157,0.16846042952718462,-0.6618143129315205,0.14079555825986886,-0.5085564410461543,0.06587528697277586,-0.23382256440127375,0.2209549101788975,0.031648403135953934,0.15853122427271932,0.15619628264006136,0.14766999753811788,0.28976449576558805,0.22683964642758336,-0.016747170339719817,0.1512207807709992,0.8227091293323827,0.18581771300145275,0.584856377024768,0.15851519449038184,1.0531282787570817,0.37689096741214806,0.32224344497576196,0.19493384023100815,0.31417110662445313,0.10271689219524374
7,Mutated motif + random 2,CGCGATCGGCGCGGACGTCACGCGACCTCTAATTTTAAAGTCCGGCGGTATGAC,mutated+random,1.414716959767596,0.302488117953981,1.8156350494764628,0.2447696826058402,1.390862543105157,0.09046489397912787,1.1471601377406437,0.15504763024765178,1.3162140322666476,0.07110074293083883,2.0257578671634677,0.30108418557774846,1.6406855285797473,0.23535533387747393,1.5911971333260992,0.030620029923750496,1.0947821027554552,0.20942433865876278,1.1110763332035491,0.22277420281998062,2.170055547750074,0.18557278912745145,1.866845987974926,0.2788242720976374,1.6540212705165669,0.11641451274777137,1.4242025338992594,0.24347341461556699,2.016431661164309,0.16060870887947318,1.9069007500709851,0.600063277989386,1.5060218869862538,0.28458085439947545,1.9806007574493294,0.19304772940086073
8,No motif + random 2,CGCCCTGTCGGGAAAGACCATTGTTCTCTAAAGAGCTCGGTCCGGCGGTATGAC,nomotif+random,1.644522060246977,0.1411876320825977,2.1866222944751974,0.31140990408879793,1.6941057903822996,0.16853670868197418,1.7369952835455915,0.195664746864943,1.829311773712743,0.14994910771314962,1.6214600693827008,0.23568908000626748,1.6006464448540394,0.20970426871226236,1.7992161776902742,0.10266234799603637,1.4057609301959169,0.2218872899501186,1.46868001221225,0.1596327010061036,2.314506804769553,0.19623234952448998,1.9704547575237443,0.3955137219357792,2.1369793304882756,0.10571541512259341,2.4314716856572423,0.14591212893825717,2.2300435799320577,0.21302978236608566,2.6985749409041446,0.43223115286825725,1.5665006812664615,0.27814380194532295,2.1444465752601,0.26242544981585864
9,Motif + repeat 3,CGCTGTGTGTGTGTGTGTCACGTGACACACAACACACACGTCCGGCGGTATGAC,motif+repeat,-0.46344158615644204,0.21327007248072058,-0.7189288953410964,0.3699082530772135,-0.2447408156792754,0.10970785234045671,-0.5904992946215366,0.14314984515806817,-0.4243976745019033,0.06258493313023794,-0.21449136181661999,0.251225114695314,-0.3884645707316261,0.10690240433570959,-0.33206771418142367,0.10149703882401,-0.6118206299748836,0.21216168684823672,-0.9010506277442678,0.17045935773707935,-0.2698737124946309,0.15430723599464327,-0.6620265932517573,0.24818491045630456,-0.3843900101606905,0.15031229131485116,,,-1.199637987546545,0.21652210780481662,-0.5873472233358623,0.3932447272434287,-1.3333296736631506,0.2184854879275164,-0.595897066935039,0.0997789114066561
10,Motif + short repeat 5,CGCCGGAACAAAAGGGGTCACGTGACCCCTTTTTTCAGTGTCCGGCGGTATGAC,motif+shortrepeat,0.012451970979607322,0.29060016739085626,-0.3973586101290749,0.32875457729958535,-0.0330716299613257,0.12628802181047943,-0.2526316240512771,0.09841986347171487,-0.022255595013429056,0.07705667542311406,0.695786824912636,0.42960151280789954,,,-0.1395792490036067,0.05935518352772558,-0.00899901465405148,0.2847712803424616,-0.15208591537169475,0.15341711783851164,-0.05704202857189189,0.15954226993566514,-0.2234396217008467,0.2318114044624232,,,-0.7996117436372291,0.29054497652820754,-0.7962792454952333,0.3315356135942067,-0.017813663568933547,0.4043681046474048,-0.7093744097136678,0.2076115087666694,-0.17794955821572217,0.13940136385316657
11,Mutated motif + random 3,CGCCAATTCCGCGTTTGTCACGCGACGACCGGATAGATAGTCCGGCGGTATGAC,mutated+repeat,1.2622600690073207,0.12198501145457648,1.534388138242444,0.34028677695123244,1.5730002623331827,0.10839981693203772,1.2085427731545295,0.11878089343223988,1.2436701650728113,0.139649611551249,1.187329397625799,0.3588944595709113,1.1878623290654846,0.6679191603747543,1.2580701899536693,0.19096241923392468,1.2671298042333092,0.3006538231090827,1.172475630619778,0.19020183755558806,2.1236128957591305,0.18422981513828246,1.8345033313428676,0.2415048486808616,1.6426042416992581,0.11467331251121915,1.032780369681859,0.2219142524831401,1.45916658052657,0.31492021870127596,1.3702093508606543,0.43895061130030977,1.1230388051206512,0.23553929300747165,1.6891895309485605,0.13968596673676484
12,Motif + repeat 7,CGCTATATATATATATGTCACGTGACAGGCGCGCGCGCGGTCCGGCGGTATGAC,motif+repeat,-0.5155643215578706,0.18403294698008618,-0.6855965115963985,0.7629618519127837,-0.5832461802420352,0.11973967490146041,-0.734499505388923,0.11246694326793029,-0.31267832786483424,0.06213335280908009,,,,,-0.4001066430344433,0.07963636322420417,-0.312682564180522,0.27007653732700465,-0.7501727086364662,0.14882947766375146,-0.6677948174299986,0.1483039747135852,,,,,,,-1.8883707250205213,0.218180049481129,0.23493200615811816,0.3809186107298109,-1.0924631684943829,0.26179161868162065,-0.014285853195207254,0.1240555386737171
13,Motif + repeat 4,CGCTGTGTGTGTGTGTGTCACGTGACACCACACCACAAAGTCCGGCGGTATGAC,motif+repeat,-0.2756885361235774,0.16437746774856393,-0.5652317448246462,0.3922743442375569,-0.21015295978739612,0.11075537383353488,,,-0.2592113970534423,0.06567705331814748,-0.08912831879409772,0.22792302118615237,-0.29783224530924346,0.1157867050382961,-0.29251369584639475,0.07628144354052152,-0.14286575320930658,0.20456931673536513,-0.638115382865161,0.2572258704526755,-0.08478677495351084,0.15588191368541174,-0.31634584177838515,0.21482581848991752,-0.4189900742614857,0.18475702095381183,-1.2954040374949238,0.23497363332300533,-0.908170791349538,0.18964364355009203,-0.26299774696745964,0.4419203650968667,-0.908517829433229,0.21600008137938742,-0.326640862358637,0.10592894838607805
14,Mutated motif + repeat 1,CGCTGTGTGTGTGTGTGTCACGCGACACACACCACAAACGTCCGGCGGTATGAC,mutated+repeat,0.9651295965385033,0.2893831596528297,1.354703395490724,0.25629850589321235,0.8819523187851759,0.09993277050418287,0.9231768732668129,0.09972280515277718,1.0055373703832058,0.057488671843932845,1.4625277306027045,0.3221821059040778,1.3355360409488557,0.3991606306946846,0.9127621466815444,0.09242899973831006,0.5482488268916574,0.27273683067193655,0.6512954647480703,0.17103893139035822,1.419316780092022,0.15652707721375342,1.529932543339549,0.27217314581393504,1.510192276393455,0.11374824600849946,1.1570658275030128,0.2867482953701769,0.9798872662921562,0.18768809734017178,1.7795505229843827,0.3574590947396652,1.0362544410272454,0.20220635983837165,1.4254275062939668,0.2458950164688061
15,Motif + random 1,CGCACAGTCACTTAACGTCACGTGACCGGGGTATTTCAGGTCCGGCGGTATGAC,motif+random,0.08608505309751777,0.09528573123780097,0.22014710622338574,0.12193552611104505,0.020190250666104748,0.11164673617762277,0.01795028495984495,0.1376009520557969,0.021324514087257457,0.05755210595072895,0.07862582660945203,0.2093664800368578,0.1277783437746438,0.16205214989062972,-0.0021975956831739724,0.0760686447644214,0.30712222707774545,0.20309770968070368,0.11788657328826771,0.19815524794782782,0.17498291947538736,0.15939030182335492,0.3192249059683665,0.22146630498733477,0.057960986156651906,0.16064853988265923,0.3510066568862684,0.20770036735208752,0.3184678083055468,0.21814519002661872,0.3577924003022213,0.4399667129746539,0.11936077669215461,0.18218124967790292,0.06238039600048885,0.10109320337784772
16,Motif + repeat 8,CGCCACACACACACATGTCACGTGACATGTGTGTGTGTGGTCCGGCGGTATGAC,motif+repeat,-0.5653655335071026,0.09549424494875289,-0.23793008351065575,0.22052894491503577,-0.5191813709067468,0.15875795720212404,,,-0.4628228467227471,0.07893363241171383,,,,,-0.5281744954167321,0.07345197610655267,-0.5738204215793283,0.3435320507708802,-0.7428285329099592,0.2575649085603665,-0.12224603248533589,0.16026881347075025,-0.1870424323147194,0.248824320595756,,,-0.5218178011679802,0.25344659772792105,-0.38464963958753845,0.19264583412506295,0.17281938512617917,0.42286077779776515,-0.4576808194225751,0.25912129990001065,-0.1648932447226206,0.16295530434749217
17,Motif + repeat 5,CGCGCGCGCGCGCAGAGTCACGTGACTCTATATATATATGTCCGGCGGTATGAC,motif+repeat,-0.8483337234163989,0.3461080475347509,-0.8998566906011319,0.4687557362770891,-0.6946215045595743,0.1440149257047902,,,-0.7605685716469881,0.0681140440106202,-0.40320548979383597,0.21346109569691718,,,-0.6066712495677379,0.08749466462016832,-1.316579165932032,0.2542240922570441,-1.3083563589982248,0.28892108507982206,-0.40446629509007426,0.15976886414371833,-1.255838510656484,0.23397851416156873,,,-1.6283319882375091,0.24177708610758597,-1.3146442862347567,0.21453585724067575,-0.4581427930953456,0.4669789314908188,-0.8534690104679785,0.23154561979786475,-0.3841039504257757,0.09071715518861906
18,Mutated motif + repeat 2,CGCATATATATATAGAGTCACGCGACTCTCGCGCGCGCGGTCCGGCGGTATGAC,mutated+repeat,0.8539278228457442,0.28800178428251816,1.5984241099945882,0.3479948435231228,0.6754159473276592,0.08466655442339675,0.6805910020257581,0.08265512445887842,0.8267775383515906,0.06755511651801444,1.5422072775357134,0.5477100593814411,,,0.669516504132746,0.14382489603462478,0.7566104559837277,0.21504372540141886,0.8263760345630146,0.17369790960768572,1.6154836378193664,0.19746874394503178,1.6444322879064341,0.1550223782749538,1.3534803387930328,0.14691617427034337,1.5051860124348955,0.209764924187848,1.3140625766659142,0.22570516661511475,2.3835316010866237,0.563755418295316,1.1898087809711662,0.25905044962951135,1.7814076442792728,0.3131240568347623
19,Motif + random 2,CGCGATCGGCGCGGACGTCACGTGACCTCTAATTTTAAAGTCCGGCGGTATGAC,motif+random,-0.1021946851700477,0.12908420606109824,-0.1465694579800268,0.12052080288158233,0.00397868158715208,0.09834337262844717,-0.044504932524644464,0.0866237181470677,-0.0004735320046178569,0.062175734060147037,-0.007567193989738097,0.21550016274299166,-0.2326573022813341,0.10856290972522996,-0.11404416287946491,0.07193135289324318,-0.3821684567497897,0.21429449503979245,-0.040120582517944564,0.14393481825667856,-0.0633696597548909,0.1467020158106925,-0.3113724981130147,0.17113759859493782,0.005920626766828113,0.14707412033251477,-0.272380957694055,0.24816178618921844,-0.24230555853175753,0.2308378163124385,-0.22586980299548892,0.4709213812128286,-0.055496055929748406,0.20831582037933244,-0.007681757588086938,0.10446338348988035
20,Motif + repeat 9,CGCCACACACACAACTGTCACGTGACATGTGTGTGTGTGGTCCGGCGGTATGAC,motif+repeat,-0.5197598995830496,0.15439271210728572,-0.37743383984676065,0.2962886421872654,-0.4655194541914678,0.12136006262611915,-0.6705155358943314,0.15213555747797203,-0.35367988095325187,0.08972942299781024,-0.27837705998118134,0.24284497884739345,,,-0.5443255822777752,0.0787789731402306,-0.5800912578659327,0.26026927276612616,-0.7458105259174065,0.20308815018316395,-0.03350657356530237,0.13606655569510556,-0.4467711305167251,0.23632402228125163,,,-0.7264242356165447,0.2815795892235726,-0.600548973940535,0.2737555908037907,0.1325207576030007,0.38774894606473903,-0.620074708118642,0.26883295324713524,-0.34723201477257637,0.0981579100162753
21,Motif + repeat 6,CGCCGCGCGCGCGAGTGTCACGTGACACTATATATATATGTCCGGCGGTATGAC,motif+repeat,-0.4422889853499054,0.0908796156706253,-0.829955327575666,0.49413235487200463,-0.5396632938352417,0.1321071744584251,,,-0.5288811013585056,0.07750714329478214,-0.43831176697352436,0.2707380171381828,-0.3422296021980983,0.12041493878916709,-0.3039559132753095,0.06546205289237342,-0.5006922344587534,0.19593767491836747,,,-0.5684919172128479,0.1652220436684386,,,,,-1.6850310223312523,0.28414730034968777,-1.2670167520166515,0.20535654443533785,-0.4142434045303817,0.4831481960113937,-0.7597032855631786,0.2782765813492653,-0.28524558379968373,0.1048063831209117
22,Mutated motif + repeat 3,CGCGCGCGCGCGCAGAGTCACGCGACTCTATATATATATGTCCGGCGGTATGAC,mutated+repeat,0.49162667221861955,0.3223958408533246,1.5901989807116208,0.16123183413565037,0.34097698741688776,0.09489185670829911,0.35334725305292786,0.09127636373236286,0.40588982075534163,0.04441099461474191,1.0840236110141566,0.23212176802022855,,,0.870996484476274,0.16578911864101295,0.14166641742974403,0.2828186943074498,0.24448613138500544,0.13413992456743623,1.604072382077713,0.15615356518150544,1.5814962312869525,0.21932495226184182,1.584889010594513,0.11444582854151907,1.5978900397453206,0.3189321117654969,1.3726325924174707,0.17460810909422175,1.9440625776854843,0.44688624403574123,1.4071231705817864,0.3136818174542762,1.6294258413037244,0.2171108433165141
23,Motif + random 3,CGCCAATTCCGCGTTTGTCACGTGACGACCGGATAGATAGTCCGGCGGTATGAC,motif+random,0.016109632072529936,0.07149164779251409,-0.07357764824335891,0.03490627111017089,-0.02416893225325683,0.1034967527680022,0.026554647564799486,0.14993648174901916,-0.020850982082639597,0.06450474958915768,-0.07105863261971385,0.1956818516146553,0.1048789585066903,0.13144263633957004,0.11624175856263888,0.07375868279124818,0.07504622967204427,0.19274050801157527,-0.07776599077032317,0.14568659705572728,-0.1116132597204964,0.15916598511474503,-0.007852407855351776,0.23957102730867963,-0.06388161292348002,0.18918014419141638,-0.0786256991922133,0.193659737755549,-0.07616224977378915,0.19016764700300903,-0.1319225973067324,0.47981510090971285,-0.06386472076240624,0.2105919995081404,-0.05469863841240194,0.11153304869275261
24,Motif + repeat 10,CGCCACACACACAACTGTCACGTGACAGTTGTGTGTGTGGTCCGGCGGTATGAC,motif+repeat,-0.4223949593084397,0.2524428527245434,-0.4354661786879524,0.3427884760871335,-0.3395305209383389,0.11682167752845382,,,-0.2804247904532556,0.062361112217958856,-0.15713147100698427,0.15906625092453583,,,-0.22024813734761595,0.06346888235742583,-0.721016099066998,0.30600943906922573,-0.8160187370374452,0.17459014630372943,-0.007399484310702031,0.13448565213318384,-0.2853084885198692,0.23529416694052782,,,-0.9834698648836446,0.2343525625940505,-0.6970873100265711,0.21267047006633238,-0.027666802233846155,0.40204668319428816,-0.7054991829498117,0.25165863636174773,-0.3418321178912218,0.09642965428192915
25,Motif + short repeat 1,CGCACAGGTGTGTGTTGTCACGTGACACACACACACTGTGTCCGGCGGTATGAC,motif+shortrepeat,-0.40255882023499384,0.25880339462935803,-0.6093323010714025,0.4089990491649358,-0.27610509025981916,0.13915308474149793,,,-0.4068892862724946,0.07790450417999595,-0.010302956859232104,0.21364959966557653,,,-0.2668995218846886,0.07629534005226986,-0.6934987235955725,0.18744537756858662,-0.7616573425381562,0.21207862410667974,-0.09816158073274722,0.17119254452157767,,,,,,,-1.1461743954132884,0.28821896445395306,-0.34628652711670466,0.4753330311259141,-1.035866694820768,0.25489967211392506,-0.4201723072735042,0.10637972415738314
26,Mutated motif + repeat 4,CGCCGCGCGCGCGAGTGTCACGCGACACTATATATATATGTCCGGCGGTATGAC,mutated+repeat,0.7743399877537432,0.18478669962964356,1.6374725223074162,0.5261854027233241,0.686391106637911,0.08501898305047169,0.8030022520571132,0.14227992595848482,0.813705644204319,0.04462653204628116,1.099822671066585,0.20003745100114403,,,0.8939433162437473,0.0681773584215766,0.6573871925619876,0.1840845258703815,0.4661277315045397,0.2216939923448009,1.4692790581798587,0.1700638894049606,1.5092817629141735,0.15112177766981774,1.180408177094499,0.10087433745718172,2.0491349759877604,0.2810254260280833,1.6879987317389034,0.35587902195042537,2.799341146927168,0.762620227690876,1.0283844593206193,0.3730219346893501,1.3759518662963468,0.2085130881179137
27,No motif + repeat 1,CGCATATATATATATATATATCGCGCGCGCGCGCGCGCGGTCCGGCGGTATGAC,nomotif+repeat,1.1079852133416546,0.2719001788963654,1.0600500612233452,0.6918377985209407,1.4159584908465486,0.08995457373323258,0.8394153292490579,0.13715877734207094,1.119491875387748,0.08568119520986574,1.4406999377029968,0.2621131259835555,0.9712477553197494,0.2279450588087839,1.4522572283504993,0.11570160594508769,0.841334867456353,0.21828061326028383,0.7834762224202835,0.21454449769370246,1.8071809372400671,0.15614853753498764,0.9337434800627001,0.20662609965053982,0.7375628846416957,0.11661500996894392,-0.1591692763193998,0.21589018205112664,0.4972387815846593,0.2075668043917661,2.0401928140399925,0.41701761130672543,0.9510993498727399,0.31342521678816815,1.672551518664307,0.16658305950363253
28,Motif + repeat 11,CGCCACACATGTAACTGTCACGTGACAGTTGTGTGTGTGGTCCGGCGGTATGAC,motif+repeat,-0.4882187235515446,0.20144533371520487,-0.32693407905830163,0.30309102948338235,-0.4451745192848112,0.1697509444393405,,,-0.32920847750584314,0.1367114503720275,-0.12838225583409107,0.29005605078834884,-0.7433354404883435,0.1543062385128193,-0.4556813643668632,0.07823893283685182,-0.7010765030028205,0.22889629249751725,-0.6146725043780393,0.19650699418438697,0.0676249450281656,0.15364480689083304,-0.10567473958836081,0.19308140005270344,-0.3249366969289186,0.1625700823817867,-0.3452318711998562,0.1617846978604975,-0.6440229110372898,0.17486169057571854,-0.0002640134655921833,0.3438215454360031,-0.8933829764590161,0.17231820764976796,-0.36958436881554513,0.101189021697214
29,Motif + short repeat 2,CGCGTGCGTTGTGTGTGTCACGTGACACACAACTCAACAGTCCGGCGGTATGAC,motif+shortrepeat,-0.2537110759431905,0.120680675039123,-0.5307315203520614,0.36161463168586616,-0.3316457877042886,0.11599934890188962,,,-0.33558773905060324,0.09164518179744735,-0.18385211887647335,0.16302164420476295,-0.15685752958782365,0.15189054802467775,-0.08619781454985519,0.09944959800742247,-0.2151458489406206,0.2459583216556148,-0.4666906928926685,0.1418265947150302,-0.18257861103789141,0.16015214716818418,-0.5119335080862817,0.2313235275772896,-0.10131667238441347,0.17277779815168073,-1.2568180705506358,0.2607093302513921,-0.9148652138641442,0.18173129057328896,-0.3868298069322155,0.47510679399831235,-0.5687392104377795,0.21586758872197617,-0.32277106952312984,0.11412293064822449
31,No motif + repeat 2,CGCACACACACACACACACACTGTGTGTGTGTGTGTGTGGTCCGGCGGTATGAC,nomotif+repeat,1.6550439288683925,0.2663594818015647,1.427869858607659,0.28797598067767827,1.765953735488564,0.12320100175806355,1.3784909168323818,0.1603090486533585,1.5165884355736179,0.12331219024341818,2.1776299124277645,0.2755869341488276,1.4811099389186038,0.6266741019798371,1.861413466479726,0.10757282716248827,1.7323235395498113,0.23584511884389034,1.3268414856766713,0.12399042369982116,1.9090728579438299,0.14781232547538764,1.4334970397032791,0.15244176358640588,1.4850976750107119,0.09789383607312731,0.919582568745009,0.18391282571021594,1.1529366210274674,0.1661054865090286,1.6207063921846032,0.3729960338486822,1.2831414085231807,0.1916456996952704,1.6189243057231923,0.12035766838841915
32,Motif + repeat 12,CGCCCAACCAACACATGTCACGTGACATGTGTTGGTGTGGTCCGGCGGTATGAC,motif+repeat,-0.7328446401631601,0.2637094711909778,-0.6120750880590994,0.2919672748274269,-0.6400881448733825,0.15865794607097436,-0.6334142147733325,0.1632032781836897,-0.538106402407539,0.07974316025033266,-0.48829063988604715,0.19109323303912096,,,-0.5527412128228013,0.06141548621948248,-1.205000786959003,0.40534368697229306,-1.0722710794200148,0.24057177167192131,-0.22033021069091485,0.15409352149175926,-0.3523100579175359,0.18343407712885423,,,-1.101713013389195,0.31360708511783825,-0.7444977864351258,0.1707453300431785,-0.4407909840412571,0.4087945178414124,-0.8981916775462951,0.2188391228319387,-0.5266918863933712,0.13420071815156898
